,LOGD片名Q,LOGD文件,家名Q
18,布齐.jpg  ,布齐.jpg  ,美  
17,大召寺.jpg  ,大召寺.jpg  ,美  
16,阿尔山天池.jpg  ,阿尔山天池.jpg  ,德  
15,布齐.jpg  ,布齐.jpg  ,德  
14,天一阁.jpg  ,天一阁.jpg  ,?  
13,20081242141247_2.jpg  ,20081242141247_2.jpg  ,?  
12,六和塔.jpg  ,六和塔.jpg  ,?  
11,noimg.jpg  ,noimg.jpg  ,?  
10,logo.jpg  ,logo.jpg  ,?  
9,left_zxkf.jpg  ,left_zxkf.jpg  ,?  
8,left_003.jpg  ,left_003.jpg  ,?  
7,left_002_1.jpg  ,left_002_1.jpg  ,?  
6,left_001_.jpg  ,left_001_.jpg  ,?  
5,未标题-1_01.jpg  ,未标题-1_01.jpg  ,?  
2,123,2012814143510975.jpg  ,123
1,美的集F  ,201288223829584.gif  ,美  
4,login_topbg.jpg  ,login_topbg.jpg  ,?  
